,A_parameter_defined_from_the_residuals_obtained_from_the_best_correlation_of,A_parameter_of_charge_transfer_capability,A_parameter_of_charge_transfer_donor_capability,Absolute_entropy,Alpha-helix_indices,Alpha-helix_indices_for_alpha-proteins,Alpha-helix_indices_for_alpha/beta-proteins,Alpha-helix_indices_for_beta-proteins,Amino_acid_composition,Amino_acid_distribution,Aperiodic_indices,Aperiodic_indices_for_alpha-proteins,Aperiodic_indices_for_alpha/beta-proteins,Aperiodic_indices_for_beta-proteins,Apparent_partial_specific_volume,Atom-based_hydrophobic_moment,Average_accessible_surface_area,Average_flexibility_indices,Average_membrane_preference:_AMP07,Average_relative_probability_of_beta-sheet,Average_relative_probability_of_helix,Average_relative_probability_of_inner_beta-sheet,Average_relative_probability_of_inner_helix,Average_volume_of_buried_residue,Beta-strand_indices,Beta-strand_indices_for_alpha/beta-proteins,Beta-strand_indices_for_beta-proteins,Composition,Conformational_parameter_of_beta-structure,Conformational_parameter_of_beta-turn,Conformational_parameter_of_inner_helix,Consensus_normalized_hydrophobicity_scale,Direction_of_hydrophobic_moment,Entropy_of_formation,Flexibility_parameter_for_no_rigid_neighbors,Flexibility_parameter_for_one_rigid_neighbor,"Free_energy_of_solution_in_water,_kcal/mole",Frequency_of_the_1st_residue_in_turn,Frequency_of_the_2nd_residue_in_turn,Frequency_of_the_3rd_residue_in_turn,Frequency_of_the_4th_residue_in_turn,Graph_shape_index,Heat_capacity,Helix-coil_equilibrium_constant,"Helix_initiation_parameter_at_posision_i,i+1,i+2",Helix_initiation_parameter_at_posision_i-1,Helix_termination_parameter_at_posision_j+1,"Helix_termination_parameter_at_posision_j-2,j-1,j",Hydration_number,Hydrophilicity_value,Hydrophobic_parameter_pi,Hydrophobicity,Hydrophobicity_factor,Hydrophobicity_index,Information_value_for_accessibility;_average_fraction_23%,Information_value_for_accessibility;_average_fraction_35%,Localized_electrical_effect,Melting_point,Membrane-buried_preference_parameters,Membrane_preference_for_cytochrome_b:_MPH89,Molecular_weight,N.m.r._chemical_shift_of_alpha-carbon,Negative_charge,Normalized_average_hydrophobicity_scales,Normalized_frequency_of_C-terminal_beta-sheet,Normalized_frequency_of_C-terminal_helix,Normalized_frequency_of_C-terminal_non_beta_region,Normalized_frequency_of_C-terminal_non_helical_region,Normalized_frequency_of_N-terminal_beta-sheet,Normalized_frequency_of_N-terminal_helix,Normalized_frequency_of_N-terminal_non_beta_region,Normalized_frequency_of_N-terminal_non_helical_region,Normalized_frequency_of_alpha-helix,Normalized_frequency_of_beta-sheet,Normalized_frequency_of_beta-turn,Normalized_frequency_of_extended_structure,Normalized_frequency_of_middle_helix,Normalized_frequency_of_the_2nd_and_3rd_residues_in_turn,Normalized_frequency_of_turn,Normalized_hydrophobicity_scales_for_alpha+beta-proteins,Normalized_hydrophobicity_scales_for_alpha-proteins,Normalized_hydrophobicity_scales_for_alpha/beta-proteins,Normalized_hydrophobicity_scales_for_beta-proteins,Normalized_relative_frequency_of_alpha-helix,Normalized_relative_frequency_of_bend,Normalized_relative_frequency_of_bend_R,Normalized_relative_frequency_of_bend_S,Normalized_relative_frequency_of_coil,Normalized_relative_frequency_of_double_bend,Normalized_relative_frequency_of_extended_structure,Normalized_relative_frequency_of_helix_end,Normalized_van_der_Waals_volume,Number_of_full_nonbonding_orbitals,Number_of_hydrogen_bond_donors,Optical_rotation,Partial_specific_volume,Partition_coefficient,Partition_energy,Percentage_of_buried_residues,Percentage_of_exposed_residues,Polarity,Polarizability_parameter,Positive_charge,Proportion_of_residues_100%_buried,Proportion_of_residues_95%_buried,Ratio_of_buried_and_accessible_molar_fractions,Relative_frequency_of_occurrence,Relative_mutability,Residue_accessible_surface_area_in_folded_protein,Residue_accessible_surface_area_in_tripeptide,Residue_volume,Retention_coefficient_in_HFBA,Retention_coefficient_in_TFA,STERIMOL_length_of_the_side_chain,STERIMOL_maximum_width_of_the_side_chain,STERIMOL_minimum_width_of_the_side_chain,Sequence_frequency,Signal_sequence_helical_potential,Size,Smoothed_upsilon_steric_parameter,Solvation_free_energy,Spin-spin_coupling_constants_3JHalpha-NH,Steric_parameter,The_Chou-Fasman_parameter_of_the_coil_conformation,The_number_of_atoms_in_the_side_chain_labelled_1+1,The_number_of_atoms_in_the_side_chain_labelled_2+1,The_number_of_atoms_in_the_side_chain_labelled_3+1,The_number_of_bonds_in_the_longest_chain,Transfer_free_energy,Transfer_free_energy_to_surface,Volume,alpha-CH_chemical_shifts,alpha-NH_chemical_shifts,pK,pK-,pK-C,pK-N
0,-0.241819150975,-0.111803398875,-0.22360679775,-0.331528412792,0.203221372727,0.0945265233531,0.126574474481,0.228375907781,0.387904721997,0.392448493304,-0.0499443953047,-0.0808326303277,-0.0300777386241,0.0845793838166,-0.00300983241352,-0.181269648349,-0.180946891314,-0.193006884993,0.162136251701,-0.147378468144,0.309802047125,-0.104612564836,0.245214526731,-0.326005897324,-0.146181963878,-0.0738754564815,-0.117307776974,-0.203564109304,0.0350269799492,-0.379280397628,0.365281972011,0.142852926446,0.0242659940915,-0.314315956791,0.0212280240009,-0.11669161215,-0.15104149524,-0.181914661891,-0.0318229725943,-0.19441779746,-0.202870159773,-0.233421797758,-0.277577958081,0.133716353875,-0.0560280486658,-0.0697905120648,-0.013447372472,0.107896469061,-0.141121717266,-0.0339609546997,-0.0383109414672,-0.107103334547,-0.10467053179,-0.107633179333,0.0832141132307,-0.0174376069499,-0.245736593591,0.180540819651,0.147006913132,0.244415702944,-0.355365187319,-0.250993887561,-0.07453559925,-0.0268464805935,-0.151646939395,0.096408945476,-0.144943172253,-0.229612686471,-0.0866555693571,0.114066855613,-0.159222651853,-0.192755334163,0.342791474812,0.0089779317646,-0.157210377003,-0.134573049185,0.197418387458,-0.150904596571,-0.302922396051,0.0499882991804,-0.140117492392,0.0205915409361,-0.082183729587,0.305682217993,-0.0922482392359,0.056524674518,-0.202258012289,-0.154064615669,0.0981981056873,-0.164943924029,0.0603711156974,-0.326865232886,-0.193455808134,-0.187505068869,0.116591963409,0.0632354363428,-0.0877042751206,0.040217201037,0.142269704028,-0.190087426605,-0.0191854484528,-0.305020039379,-0.0939336436628,0.336240154848,0.140109496829,0.0645923242642,0.299834297397,0.184567412871,-0.185639520599,-0.290092201976,-0.308906706855,0.0406400880013,0.130843947469,-0.338277290965,-0.326970494865,-0.0292140049587,0.36678708784,0.0550489305848,-0.316410292881,-0.10454404846,0.0108196779016,0.0480111320346,-0.14499693044,-0.216236551568,-0.408248290464,-0.281126765116,-0.198304358844,-0.324176479876,0.13517485047,0.168988688188,-0.283211193893,-0.119768650669,0.0392438811699,0.187995579644,0.121765139699,0.231960522983,0.163994693811
1,0.0661010517924,-0.111803398875,0.22360679775,0.410780516598,-0.0301813919892,0.0304407448086,-0.0364706112912,-0.412595974765,-0.01022217714,-0.0784896986608,0.010798788174,-0.0192458643637,0.0300777386241,-0.0192364663554,0.103050928825,0.813351193074,0.457352451103,0.282597473442,-0.278233814648,-0.116269556662,-0.0111439585297,-0.0855920985022,0.0721219196268,0.271203181826,0.0273277855321,-0.00351787888007,0.124822154147,0.00950621444414,-0.0379458949449,0.127145133296,-0.0359430773374,-0.581319538008,-0.248194290445,0.611648296677,0.0123830140005,0.138814721529,-0.240911592174,-0.118529762278,0.0811579951961,0.0680872455241,-0.0171923864214,0.0153736830097,-0.332670209241,0.0956927461382,-0.0816897503448,-0.186108032173,0.457210664049,0.507513021137,0.0234148140756,0.383103401261,-0.332325143425,-0.111015785124,-0.10467053179,-0.110410809767,-0.164328534361,-0.203727569396,0.0,-0.130010444472,-0.155734596287,-0.156740357725,0.277232564092,-0.0378594132076,-0.07453559925,-0.125695446796,-0.0666112724447,0.121192736087,0.0351465407667,0.123637600407,-0.0669611217759,-0.231590282608,-0.045676514389,-0.469768988051,-0.0163234035625,-0.132492508162,0.0115641828014,0.0587940506148,-0.169555551362,0.0406461297266,-0.163563424502,-0.146833639427,-0.0931507351655,-0.174132813568,-0.0844230682678,0.0871209499145,0.0638212893807,0.00701401070661,-0.0615567863487,-0.135960665531,0.528001364622,-0.0491938019033,0.0455561179802,0.280237824574,0.270838131387,0.694871725809,0.217516970163,-0.0632354363428,-0.120287906744,0.420338004573,-0.351647759013,0.350051709103,0.185459335044,0.270933021491,0.532290647422,-0.269597961996,-0.3443812866,-0.237152840182,0.010569298053,-0.0582844461698,0.45449675733,0.28746693318,0.20914425563,0.0200255506094,-0.167524049897,0.442908895308,0.324797933437,-0.0292140049587,-0.0290686115919,-0.199422540987,0.304002046101,0.0421844406067,-0.476505651977,0.0823047977737,0.0262171571643,0.0460954867294,0.0,0.120482899335,0.21917850188,0.365560711349,-0.418553452659,0.188695823837,0.21350999483,-0.06833761749,0.042308851583,-0.707589111885,0.0319303934897,-0.389789332435,-0.18125729316
2,0.276046644588,0.4472135955,0.22360679775,-0.117632737266,-0.183100444735,-0.0176235890997,-0.087958533114,0.0621980123064,-0.074783295919,-0.00872107762898,0.442750315134,0.0346425558547,0.293257951585,0.371599675468,-0.27532800316,-0.0519689389643,0.12723051915,0.100098126601,-0.17314550336,-0.295145797682,-0.109210793591,-0.304327461341,-0.222135512451,-0.0898245691897,-0.302340738347,-0.240974703285,-0.334389784185,0.232410553134,-0.286053669585,0.267220280147,-0.178043615648,-0.17780055284,-0.219813010806,-0.0485997308522,0.245301610677,0.0702642417616,-0.101083495736,0.458272824207,-0.00546074677654,0.445438244814,0.02406934099,-0.158313728092,-0.102055978947,-0.157797972109,-0.0560280486658,0.201617034854,-0.013447372472,0.107896469061,0.0107581578185,0.0494519164925,-0.241002550393,-0.259688907053,-0.117008904889,-0.260402853224,-0.173169343204,-0.212392218812,0.0982946374366,-0.140537605968,-0.20482781403,-0.189825393657,-0.0355357754612,-0.211732273865,-0.07453559925,-0.204325306275,0.10912910592,-0.205953299976,0.0816213054169,0.319887759784,-0.185127807263,-0.0811277636178,0.454958728066,0.361271973612,-0.269336158781,-0.127051337396,0.292855115808,-0.288744115242,-0.217126247135,0.278916545366,0.298521586423,-0.231824931098,-0.08420468617,-0.218897032994,-0.221022727799,-0.258934391209,0.342516876196,0.0771541177727,0.420344912496,0.457848898973,-0.0271611781688,-0.280694046154,-0.0951863603327,-0.0960950648454,0.270838131387,0.25368332847,0.0467933606079,-0.290883007177,-0.0931348803913,0.12002156863,-0.169113044411,0.16308046982,0.279254860814,-0.0981471032299,-0.0939336436628,-0.178722244469,-0.200343486121,-0.180575621848,-0.0784353171298,0.420480647368,0.188593995728,-0.0538180103214,-0.103693839046,-0.156670484179,-0.225007792509,-0.0684129720705,0.0346057998836,-0.0292140049587,-0.00947179478838,-0.191632597979,-0.00620412338983,-0.0586913956267,-0.21261106901,0.133745296382,0.111824200966,0.27844672065,0.0,0.120482899335,-0.198304358844,-0.0482816033858,-0.125403174532,0.237963662959,-0.149683992623,0.324507933814,0.1002980918,-0.0590622662948,-0.0969629380282,-0.150654772659,-0.274968546766
3,-0.0306011606469,0.4472135955,-0.22360679775,-0.138192025856,0.050302319982,-0.209880924733,0.0235986308355,0.228375907781,0.054338941639,0.0959318539188,0.280768492524,0.227101199492,0.1879858664,0.273890640012,-0.384255271459,0.00770831152103,0.1320010673,0.232824924303,-0.333280072941,-0.225150746848,0.0245167087653,-0.313837694508,-0.0663521660567,-0.147653864637,-0.36306915064,-0.223385308885,-0.284293936367,0.248800578038,-0.140107919797,0.267220280147,-0.102813918895,-0.206623337495,-0.253870546373,-0.11303231952,-0.00235866933343,0.328886506339,0.17857269714,0.369533964748,0.0962221242348,0.396218549255,-0.0447002046957,-0.158313728092,-0.125446022422,-0.157797972109,0.00384925525185,0.783204635394,-0.215157959552,-0.291720083016,0.554994376872,0.383103401261,-0.278868015796,-0.148184065606,-0.258900195528,-0.149297635849,-0.215163185206,-0.221056868228,0.540620505901,0.0384241394593,-0.240284026845,-0.305623019417,-0.0282517219259,-0.144426650384,0.67082039325,-0.264982626444,-0.0949564947616,-0.196039783731,0.191998871461,0.0353250286878,-0.322988940331,0.410925339027,0.212382888938,0.0226997299713,0.00816170178124,-0.0508749466661,0.330360573542,-0.178995220761,-0.0472309050888,0.302276390036,0.166497297587,-0.274320576934,-0.379424303021,-0.252470197564,-0.22326206648,-0.0160885377891,0.309073405778,-0.0755037623124,0.43441503509,0.0921491061991,0.226542134397,-0.328923263707,0.171483598576,-0.116213489751,0.425602777894,0.0330891298004,0.14724675518,-0.316177181714,-0.100375687419,0.18302501673,-0.20132505287,0.173467760891,0.39863098452,-0.166321139006,-0.0939336436628,-0.148430338627,-0.161060449626,-0.180575621848,0.0216948749508,0.226199160135,0.0605667401425,-0.106323386245,-0.183436882787,-0.156670484179,-0.14836280236,-0.0431625094839,-0.0569521459969,-0.0292140049587,-0.00555243142767,-0.238372256023,-0.316410292881,-0.04952086506,-0.318168902197,0.0908782142084,0.111824200966,0.158523503142,0.0,0.120482899335,-0.198304358844,-0.0482816033858,-0.157975427657,0.168988688188,-0.160366168725,0.33545070683,0.0589822906305,-0.0667828239804,0.303387561383,-0.318048964503,0.119605152629
4,0.0139327529764,-0.111803398875,0.22360679775,0.122159734465,-0.199197187129,0.398933971439,-0.0793772128102,0.176148569204,-0.225425906403,-0.305237717014,-0.0364459100872,-0.388766460148,-0.0375971732801,0.0540453102366,-0.195065805467,-0.164361094045,-0.298302375795,-0.2234234428,0.332279231881,0.13260173519,-0.171616961357,0.233000712589,-0.18751699103,-0.184405192584,0.226863997353,0.110813184722,-0.0755612371256,0.697887260399,-0.140107919797,0.127145133296,-0.420450416296,0.0671931167267,0.239963719349,0.0103766724783,-0.217587246009,-0.328574913249,0.513888617725,0.38221094467,-0.118441714567,0.141916788863,0.278516660027,-0.118412566082,0.137643640135,-0.0310526129852,-0.0560280486658,-0.0697905120648,-0.013447372472,-0.05195015177,-0.25503162358,-0.0935415769799,0.23565683763,0.0200513092075,-0.0532606438775,0.0201378206493,0.18488341492,0.311819070862,0.393178549746,-0.445825289343,0.0570026806023,0.343670810738,-0.11707257881,0.147231051363,-0.07453559925,0.141646075433,0.0524386612863,0.0517981223766,-0.266939429459,-0.0235500191252,-0.0817319574618,-0.142126082127,0.186576948606,-0.231229452759,-0.244851053437,0.00353676099817,-0.0196903653105,0.505628835288,-0.0744141598162,-0.0200894664166,0.203170711153,0.126033139097,0.137210026468,0.260080114867,0.105920719604,-0.0828711474797,-0.192578650489,-0.186902755888,-0.149495052561,-0.175789355834,0.128045554224,0.346285782025,0.0233336214045,-0.157633776323,-0.193455808134,-0.187505068869,-0.05601809487,-0.290883007177,-0.0877042751206,-0.279000269335,0.389228435549,-0.293960337318,-0.240883963908,-0.112252076149,-0.0939336436628,0.396823966533,0.231769915316,0.611505434822,-0.33432358578,-0.370522550651,-0.244729023178,-0.18508145013,-0.174514584187,-0.49533788419,-0.320814030195,-0.0857726650988,-0.114369840871,-0.0292140049587,-0.213278689545,0.239410915091,-0.254369058983,0.0146728489067,-0.040199941472,0.150892129252,-0.0379881256871,0.143533100954,0.0,-0.281126765116,-0.198304358844,-0.186229041631,0.330608369221,0.107403889286,-0.155025080674,0.249002799998,0.046967606611,-0.344722900662,-0.091104150232,-0.270222052547,-0.496916252676
5,-0.225277983058,-0.111803398875,0.22360679775,-0.0203714873964,0.0261572063906,-0.225902369369,0.238131638431,0.0289624332114,-0.117824041772,-0.113374009177,-0.0296966674785,0.227101199492,-0.105272085184,-0.0925182429474,-0.123403128954,0.00770831152103,0.209283947323,0.183052375165,-0.273229609348,-0.0151655943473,0.113668377003,-0.104612564836,0.0663521660567,0.0501547534345,0.00997681059107,-0.0826701536817,0.0914249222679,0.0881783339818,-0.0379458949449,-0.0883550926293,-0.102813918895,-0.195814793249,-0.2595468023,0.0883505211205,0.386821770683,0.129466928833,-0.00184627389472,-0.0931758024321,0.0510297371187,-0.186214514867,0.0722080229699,-0.1677022368,0.00851513566175,-0.0310526129852,-0.0560280486658,-0.0697905120648,-0.013447372472,-0.05195015177,-0.00189849843856,0.0494519164925,-0.156362098314,-0.277294934649,-0.137572860054,-0.277068635831,-0.272628442683,-0.210226056458,0.0491473187183,-0.408980224108,-0.139370190372,-0.239452947554,0.0687451134157,-0.065903422991,-0.07453559925,-0.278462030926,-0.208337384029,0.10632246172,-0.127515135509,-0.141300114751,0.302309770371,0.0856009736419,0.057547246942,-0.154281215568,0.0897787195936,-0.0617572881989,-0.0196903653105,-0.0326633614527,0.258580710594,-0.0574652178894,-0.0682125492317,-0.265374125179,-0.260889153831,-0.286043362134,-0.153842567374,0.14783241327,-0.0922482392359,-0.0507484304067,-0.0685918476457,0.0197333056497,-0.0659628612671,-0.136006393497,0.0603711156974,0.0222486110726,0.270838131387,0.25368332847,0.159037059708,-0.139117959954,-0.0750328628225,0.218726970653,-0.233537061329,0.235791507319,0.185459335044,0.00999102248448,-0.0939336436628,-0.239306056153,-0.265815213611,-0.199434694626,-0.100686470926,0.135997041063,0.267379999166,0.0511927415252,0.0279100653094,-0.0212035241746,-0.0771924543643,0.173044576414,-0.0957478857767,-0.0292140049587,-0.119213968888,-0.0643968621936,0.117878344407,0.06052550174,-0.145757774659,0.00514404986085,0.0262171571643,-0.0963133340606,0.0,0.120482899335,0.21917850188,0.0896658348593,-0.190547680782,0.257670798608,0.00520756084952,-0.0935059954287,0.059104889447,0.0567460989891,0.0788006958598,0.0286961471732,-0.112206895766
6,-0.403413637551,0.4472135955,-0.22360679775,-0.0527919040196,0.36418879667,0.206676635806,0.512733888152,0.28535118623,0.108139873955,0.0436053881449,-0.00944893965224,-0.234799545238,0.0601554772481,0.267783825296,-0.172133748983,0.117116604078,0.204513399174,0.19411294164,-0.353296894139,-0.365140848515,0.41678404901,-0.242510945756,0.152898469609,0.0177271111277,-0.380420125581,-0.513610316491,-0.526423867488,0.098012348924,-0.286053669585,-0.206880216888,0.139592881752,-0.170594856676,-0.228327394697,0.0270924402852,0.177489867341,0.163742168717,0.139203621444,-0.207268621737,-0.0920794887492,-0.0221488630018,-0.161608432361,-0.1677022368,-0.033625603822,0.222438105262,0.00384925525185,0.201617034854,-0.215157959552,-0.291720083016,0.517024408101,0.383103401261,-0.249912071664,-0.146227840318,-0.258900195528,-0.146520005414,-0.321252891317,-0.281709414141,0.147441956155,-0.0721110562455,-0.215737417973,-0.322165537382,0.0760291669509,-0.0210330073375,0.67082039325,-0.287448300581,-0.265027828663,0.116235977965,-0.0810403708587,-0.19526890858,-0.337759776017,0.581720630854,-0.0301929501893,0.0688686722859,0.416246790843,-0.33381582652,-0.0259412749328,-0.202512841007,0.421680238958,-0.0761530936258,-0.273583665198,-0.216168640527,-0.218395421102,-0.283805151162,-0.357622387331,0.366393681348,0.013656083754,-0.0136154325481,-0.0967320928337,-0.0925111852018,0.456367488133,-0.357860794238,0.0974086099903,0.00213018616652,0.425602777894,0.0330891298004,0.212800848352,-0.164412134491,-0.0786532663363,0.193525591413,-0.233537061329,0.225404216248,0.338942922667,-0.058183013292,-0.0939336436628,-0.178722244469,-0.121777413132,-0.199434694626,0.132950643929,0.198444661959,0.0507184897129,0.103698117448,-0.0178167150177,-0.295082378097,-0.263330287583,0.15095042165,-0.129888136783,-0.0292140049587,0.0297218388187,-0.222792370008,-0.00620412338983,0.0696960323067,-0.240759824527,0.0908782142084,0.0262171571643,-0.118798937343,0.0,0.120482899335,0.21917850188,0.0896658348593,-0.190547680782,0.144354768627,-0.00547461525206,-0.17885962496,0.0538331403364,0.0721872143603,0.262376046809,-0.0550009487486,0.154130351326
7,0.0406531011505,0.4472135955,-0.22360679775,-0.452907289661,-0.327971126283,-0.386116815731,-0.379723423443,-0.227426319807,0.366384349071,0.305237717014,0.35501016122,0.381068114402,0.360932863489,0.206715678137,-0.286794031402,-0.181269648349,-0.212432509102,0.324074597724,0.0720605563116,-0.0929378730512,-0.341005131008,-0.0665716321684,-0.285602801722,-0.461661534307,-0.0594270891729,-0.0738754564815,-0.117307776974,0.0390082592708,-0.140107919797,0.267220280147,-0.178043615648,0.110427293709,0.0242659940915,-0.445413209947,0.319010027347,0.182437754108,-0.172355098289,0.0843019164861,0.00207131774282,0.441336603517,0.443563569672,-0.533854076421,-0.384089643657,-0.538034049479,-0.0303663469868,-0.0697905120648,0.322736939329,-0.211796772601,-0.128465061009,0.0256196675805,-0.107359731321,-0.257732681764,-0.258900195528,-0.25762522279,-0.0317164017227,-0.0802563152166,-0.196589274873,0.143695754416,-0.109368779529,0.0252273398977,-0.459571749119,-0.660436430399,-0.07453559925,-0.211065008516,-0.157315983859,-0.290218188053,0.401135312387,0.319887759784,-0.199898642949,-0.101460536454,0.248511205404,0.353577149892,-0.350953176593,-0.230433581958,0.355364212032,-0.0718593951959,-0.312267638681,0.311620327904,0.26918285557,-0.213932027588,-0.26312566608,-0.145036070941,-0.252373469331,-0.356072732577,0.437273375713,0.122538892933,0.518835770654,0.772857631363,-0.0182069436077,-0.319277420196,-0.547043790706,-0.445208908804,-0.193455808134,-0.187505068869,0.0996139248901,-0.215000483566,-0.107616494446,0.0885198445802,0.153007040181,-0.242023881962,0.0575563453585,-0.413158165093,-0.0939336436628,0.275656343164,0.113920805833,0.0834513970421,0.266457566703,-0.169302438874,-0.205336021459,-0.500113705669,-0.46671986335,-0.141945814613,-0.101828344055,-0.466107757809,-0.488360772349,-0.704382119559,0.395529085818,-0.124119758583,-0.564575228474,-0.590582168494,-0.107053235824,-0.0291496158782,-0.701442715152,0.390874737063,-0.408248290464,-0.281126765116,-0.198304358844,-0.324176479876,0.13517485047,0.21825652731,-0.432761659315,-0.532311193403,0.0566529131165,0.187995579644,-0.0715748575777,0.243917250972,0.208384234993
8,0.0839146172417,-0.111803398875,0.22360679775,0.362545262598,0.235414857516,0.0304407448086,-0.0107266503798,0.0669459521771,-0.322267584572,-0.287795561756,-0.0566936379135,-0.0192458643637,-0.00751943465602,-0.0680909840834,-0.132002650136,-0.0828021850485,0.0375442139374,-0.287021700032,0.0320269139163,-0.0618289615697,0.0869228765316,-0.0665716321684,0.0605824124865,0.0836633171515,-0.172208426289,0.0140715155203,0.0580276903892,-0.013439820421,0.122594429822,0.0301700316295,0.0309277642206,-0.0913321988751,-0.188593603202,0.123220505596,-0.15272383934,-0.0979960267584,-0.101083495736,0.325164535018,-0.141037908125,0.0434773977443,-0.230377978047,0.167936949518,0.310459333247,0.0323200665765,-0.0560280486658,-0.0697905120648,-0.013447372472,0.107896469061,0.0866980953609,-0.0339609546997,-0.0784037871888,-0.107103334547,-0.258900195528,-0.107633179333,0.0898447198627,0.0562119130869,0.196589274873,0.0752692046942,-0.199373012059,0.0128204514234,0.135713809694,-0.0883386308177,-0.07453559925,0.0270711373349,-0.0666112724447,0.378944158439,-0.0171375694648,0.427825347441,-0.244211150006,-0.113660200156,-0.102449583121,0.20737549923,0.0,-0.339256997286,-0.0259412749328,-0.364523113812,0.306151406367,-0.0901690004281,-0.0462085010925,0.00525604040599,0.199832369437,-0.0734133198591,0.0320225431361,0.00212490121743,-0.0643786805543,-0.116762648822,0.0932145621852,-0.00199143451511,-0.301757704711,0.0279729461803,0.0455561179802,0.106272620974,-0.0386911616267,0.0330891298004,-0.26352745455,-0.139117959954,-0.100375687419,-0.0857896951626,-0.040265010574,0.00727110374992,0.176932469065,0.127532463478,0.532290647422,-0.209014150311,-0.13487175863,-0.105139330737,-0.300946855087,-0.0513458216258,-0.00837101286523,0.12995080541,0.0496581681478,-0.0153136563483,-0.126464233746,0.0341670321875,0.234791817148,-0.0292140049587,-0.325633772552,-0.170859416627,0.117878344407,-0.00366821222667,0.0055417862423,0.176612378556,0.0476189181148,0.0535906878236,0.0,0.120482899335,0.21917850188,0.0896658348593,0.00488583796878,0.188695823837,0.0639595294082,0.187723271103,0.0595952847131,-0.213473420007,-0.253197279262,-0.389789332435,-0.0924782107958
9,0.200975190195,-0.111803398875,-0.22360679775,0.0407133219728,0.0100604639964,-0.0336450337359,0.0665052323545,0.0954335914014,-0.0532629229927,0.00872107762898,-0.225424703132,-0.061586765964,-0.293257951585,-0.178013648971,0.335238000725,-0.0619151473786,-0.228652372811,0.097332984982,0.252211947091,0.373695799173,0.0601773760603,0.427960492511,0.118279948188,0.0917702277281,0.244214972294,0.260323037125,0.141520770086,-0.203564109304,0.341513054504,-0.379280397628,0.139592881752,0.315789634375,0.30524066252,0.0769421335965,-0.093757106004,-0.28495188067,0.00629905211139,-0.289668991234,-0.189996327501,-0.284653905986,-0.21662406891,0.449592210764,0.027459137815,0.0956927461382,-0.0560280486658,-0.224880538875,-0.013447372472,-0.211796772601,-0.16643502978,-0.188870572628,0.293568725894,0.338916031238,0.347736481841,0.339565320604,0.206985437027,0.274994310843,-0.245736593591,0.112114269929,0.177008323976,0.124482447692,-0.0425968477657,0.242580684626,-0.07453559925,0.375289086456,0.188495728407,-0.0126397332115,-0.266939429459,-0.0578937970161,0.445094515334,-0.13805952756,-0.200512156385,-0.131196744411,0.0652936142499,0.417065739246,-0.325984936807,0.186834427509,-0.0336392777251,-0.314423509265,-0.251579617059,0.454815241088,0.130500489722,0.443613414514,0.246999056497,0.0264094865595,-0.304056885216,-0.120888537473,-0.283161217204,-0.0997527652567,-0.146550972317,0.269119033942,-0.0285188706055,0.0281657948685,-0.193455808134,-0.187505068869,0.216573745801,0.4426480544,0.0100466197507,-0.218096936172,0.303329746324,-0.210862008748,-0.266464561845,0.0240959954037,-0.0939336436628,0.305948249006,0.428185097787,0.328619343154,0.0328204518487,0.156812914695,-0.254577273607,0.0249400535636,0.138323510489,0.249730395834,0.111682699931,-0.014755739074,-0.101955204142,0.464178078788,-0.0133911581491,0.12515841765,0.0558371105084,0.289788765907,0.227213235935,0.0908782142084,0.390047093323,-0.253712557039,0.408248290464,0.120482899335,-0.198304358844,-0.0482816033858,0.26546386297,-0.338470054768,0.14407585017,-0.256553313379,0.0326235450775,0.203436695015,0.131529786026,0.255873978961,0.159062522569
10,-0.157840913856,-0.111803398875,-0.22360679775,0.0587026994893,0.219318115122,0.0945265233531,0.117993154177,0.0859377116599,0.258782484439,0.287795561756,-0.265920158785,-0.0808326303277,-0.285738516929,-0.269615869711,0.429832733721,-0.081807564207,-0.182855110574,-0.170885752042,0.212178304695,0.187042330283,0.176074544769,0.280551878424,0.308681816003,0.0869060813821,0.079380710355,0.207554853924,0.233363157752,-0.203564109304,0.122594429822,-0.206880216888,0.365281972011,0.243732672738,0.27685938288,0.0724283802718,-0.196948889342,-0.0699526486717,0.0441748180398,-0.17557617193,-0.223890617838,-0.190316156164,-0.12034670495,0.074051862436,0.0860308995746,0.349183464385,-0.0560280486658,-0.0697905120648,-0.013447372472,-0.05195015177,-0.16643502978,-0.188870572628,0.271294922716,0.147205952962,0.234634728433,0.147908820631,0.224667054712,0.261997336719,-0.245736593591,0.391084049565,0.520660848181,0.169974372098,-0.0425968477657,-0.0939474327743,-0.07453559925,0.224769069739,0.1431433727,0.0617116386209,-0.232083355972,-0.0726125589694,0.129983354036,-0.174658518666,-0.267607601251,-0.0773329783769,0.171395737406,0.297359982385,-0.307232207939,0.158090669431,0.17023513273,-0.281719726726,-0.22957556892,0.233390560155,0.249035638912,0.19741020767,0.213408976284,0.178188144947,-0.209300385698,-0.211658087794,-0.121354807373,-0.132339875504,0.0116405049295,-0.020256271372,0.215928591727,0.0281657948685,-0.193455808134,-0.187505068869,-0.00414075494998,0.4426480544,0.0426302513744,-0.228597510855,0.238905729406,-0.179700135534,-0.292045159782,0.0240959954037,-0.0939336436628,0.21507253148,0.231769915316,0.196605833709,0.455592373967,-0.23175005977,-0.205336021459,-0.00131263439808,0.138323510489,0.36752775236,0.478483724216,-0.014755739074,0.0470204366132,-0.0292140049587,0.230915824668,0.58736170275,0.0558371105084,0.25310664364,0.227213235935,0.0480111320346,0.347243571422,-0.231226953756,0.0,0.522092563787,-0.198304358844,-0.0482816033858,0.20031935672,-0.38773789389,0.14407585017,-0.0803746678085,0.0605760752453,0.203436695015,0.127623927495,0.255873978961,0.119605152629
11,-0.0509595211604,-0.111803398875,0.22360679775,0.307588702712,0.235414857516,0.0144193001725,0.195225036911,0.0621980123064,0.172700992734,0.183142630209,-0.110687578783,-0.0269442101092,-0.0451166079361,-0.0131296516394,0.214844704184,0.385664231262,0.536543550386,0.108393551457,-0.303254841145,-0.178487379626,0.184989711593,-0.147408614087,0.141358962469,0.105281745356,-0.128830988937,-0.117848942482,0.00793184257119,-0.0953899449394,-0.286053669585,0.0301700316295,0.0309277642206,-0.343531564605,-0.256708674337,0.410513464461,0.174541530674,0.307074990049,-0.101083495736,-0.213607111698,0.115052285533,-0.042657069485,0.0515771592642,-0.0902470399577,0.261359572564,0.222438105262,-0.0816897503448,-0.186108032173,0.457210664049,0.507513021137,0.403114501788,0.383103401261,-0.327870382789,0.0435260126698,0.0495591319478,0.0423588641245,-0.429552799639,-0.357525096532,-0.196589274873,-0.203700574942,-0.237556625859,-0.338708055348,0.0690424217232,-0.0490770171209,-0.07453559925,-0.123448879382,-0.157315983859,0.408684707172,-0.0984684076026,0.246293950018,-0.017725002823,-0.142126082127,0.057547246942,0.0457842011286,0.1305872285,0.10691900556,0.124080556004,-0.194673634258,-0.00645602299775,0.0780218811994,0.0638117396039,-0.155780091182,-0.119988882152,-0.156227125798,-0.0844230682678,0.141761266934,0.0359517306992,0.122538892933,-0.0334165411607,0.0305956757321,-0.0659628612671,-0.251756515623,0.141853603142,0.119290425325,-0.0386911616267,0.25368332847,0.237324681769,0.240294658103,-0.122098108501,0.313232142803,-0.373122431319,0.537022948387,0.253674262876,0.10167334646,0.532290647422,-0.269597961996,-0.318192595603,-0.246582376571,0.0995739132357,-0.120732067066,0.523434510337,0.156203493372,0.177916210528,-0.14783568244,-0.170261370974,0.296140581523,0.112197279443,-0.0292140049587,0.223077097947,-0.235775608354,0.241960812203,0.124719215707,-0.207333177351,0.0480111320346,0.0262171571643,-0.00637092093008,0.0,0.120482899335,0.21917850188,0.227613273104,-0.548842465159,0.132037808847,0.186804554576,-0.109920154954,0.0587370929975,0.0644666566747,0.0260716056934,0.0167394191843,-0.0875460395534
12,-0.419954805468,-0.111803398875,0.22360679775,0.15161486908,0.404430652655,0.254740969714,0.384014083595,0.142912990109,-0.354548143961,-0.34012202753,-0.272669401393,-0.23864871811,-0.278219082273,-0.165800019539,0.0485872946754,0.00770831152103,-0.126562642409,-0.364445665359,0.292245589486,0.0392750007455,0.390038548539,-0.052306282418,0.464465162397,0.10257944183,-0.111480013996,-0.0299019704806,0.124822154147,-0.203564109304,0.341513054504,-0.0883550926293,0.365281972011,0.146455774528,0.2910500227,-0.0746406154178,-0.255915622678,-0.378429807625,-0.0120279314023,-0.1312067422,-0.00922677903622,-0.28055226469,-0.223501023478,0.0177208101867,0.497579681047,0.222438105262,-0.0560280486658,-0.0697905120648,-0.013447372472,-0.05195015177,-0.179091686037,-0.129289950348,0.166608047776,0.0493946885354,0.00843122161768,0.0506917554277,0.25339968345,0.216507927285,0.0,0.106850689181,0.528843051138,0.397433994126,0.091489198944,-0.0771210269043,-0.07453559925,0.193317125948,-0.0382660501278,0.279808995996,-0.0810403708587,-0.229612686471,0.193990308674,-0.121793309291,-0.236640472851,-0.0927226258151,0.367276580156,0.226624762422,-0.244723111716,0.0927639465256,0.24498908323,-0.211640192715,-0.251579617059,0.240100398971,0.266927736903,0.116834612703,0.220126992327,0.384607120354,-0.359796002579,-0.207532199143,-0.247985910719,-0.0780280250919,-0.301757704711,0.0279729461803,-0.339633822666,0.0790535755132,-0.193455808134,-0.187505068869,0.00529148867184,0.0632354363428,-0.00443499430435,-0.314702223259,0.153007040181,-0.138150971249,-0.22383023195,0.106375004099,-0.0939336436628,0.0636130022686,0.166298187826,0.10231046982,-0.289821278189,0.142935665607,-0.126550018021,0.0774454294868,0.10319195975,0.0465299558276,0.0843094891639,0.212498424205,0.101334472305,-0.0292140049587,-0.355682224984,0.44194943328,0.117878344407,0.11554868514,0.315178096923,-0.509260936225,0.133225961917,-0.306178964698,0.0,0.120482899335,0.21917850188,0.0896658348593,0.167747103595,-0.143862090236,0.112029321865,0.0596928268067,0.0599630811627,0.141672233531,0.0221657471625,0.16022015505,-0.0727495258261
13,-0.0725902792061,-0.111803398875,0.22360679775,0.0674008600467,0.0744474335734,-0.0977308122803,-0.0193079706836,-0.317637177351,-0.150104601161,-0.130816164435,-0.178180004871,0.0731342845822,-0.195505301056,-0.220761351983,0.183313126519,-0.0718613557928,-0.202891412803,-0.311907974601,0.26222035769,0.155933418801,0.0334318755891,0.190204663338,0.100970687478,0.278769631697,0.122758147707,0.233938945525,0.28345900557,-0.203564109304,0.341513054504,-0.206880216888,0.0309277642206,0.272555457393,0.285373766772,-0.0642738632764,-0.306037346013,-0.222633262699,0.0428172637054,-0.188253151853,-0.163634101683,-0.0713685585614,-0.154731477793,0.156201313633,0.0955029006512,0.1590654257,-0.0560280486658,-0.0697905120648,-0.013447372472,-0.05195015177,-0.090495092238,-0.27228344382,0.291341345576,0.284141723159,0.286044616346,0.284012711917,0.313075143138,0.357308480296,-0.0491473187183,0.112114269929,0.275194759463,0.186516890063,0.210263867814,0.119187041579,-0.07453559925,0.271946985427,0.273531395358,0.0468413642544,-0.319223539691,0.025512520719,0.228455591941,-0.162458854964,-0.350186610315,-0.0157743886241,0.106102123156,0.150448371692,-0.207217653982,-0.0561809816986,0.0750937411844,-0.16024853444,0.0271383260384,0.195368140197,0.29152937164,0.271271169723,0.278349798029,0.117476681592,-0.153561268335,-0.186902755888,-0.0123113572697,-0.103373555284,-0.173413676001,0.124431381285,-0.154446351201,0.251835342354,-0.193455808134,-0.187505068869,-0.225798480063,0.113823785417,0.256234058686,-0.426008314902,0.2174310571,-0.242023881962,-0.266464561845,0.268582192671,-0.0939336436628,0.154488719795,0.297241642806,0.158887688154,-0.111812047823,-0.224811435226,-0.195487771029,0.208708869295,0.252640461307,0.358692950621,0.456585155602,-0.0621003564239,0.290657682431,-0.0292140049587,-0.132278513424,0.257587448774,0.179919578305,0.06052550174,0.297585124726,0.296640208643,0.0476189181148,-0.216236551568,0.0,0.120482899335,0.21917850188,0.227613273104,0.20031935672,-0.35571379846,0.256238699237,0.223834422059,0.0366693060228,-0.205752862321,0.0338833227551,0.0167394191843,-0.0875460395534
14,-0.0916762421875,-0.111803398875,-0.22360679775,-0.166856418602,-0.327971126283,-0.402138260367,-0.311072861013,-0.407848034894,0.0220583822495,-0.0959318539188,0.456248800351,0.41955984313,0.526360425921,0.493735969788,0.108783942946,-0.163366473204,0.0451770909768,0.227294641066,-0.198166529857,-0.302923025552,-0.43907196607,-0.213980246255,-0.470234915967,-0.121711750791,-0.18088391376,-0.302537583686,-0.326040476216,-0.075721915055,-0.286053669585,0.267220280147,-0.420450416296,0.0275617878262,0.0867048092978,-0.187335643481,0.062504737336,0.316422782745,-0.40517566663,0.0843019164861,0.815534285834,-0.198519438757,-0.134100614087,0.0928288798524,-0.144003412286,-0.335241474881,0.970440018494,-0.0697905120648,-0.618579133713,-0.05195015177,-0.153778373523,0.0256196675805,0.0530116515651,0.264579470274,0.275762638764,0.264569298876,-0.0936020636208,-0.0954194516947,-0.196589274873,-0.214227736437,-0.0711851657282,-0.289080501451,-0.161817479097,0.33793031789,-0.07453559925,-0.0515587221441,-0.350063495614,-0.498402029183,0.406944657968,0.290450235877,-0.185127807263,0.406858784459,0.310445462203,0.1150376146,-0.350953176593,-0.339256997286,0.355364212032,0.00130653445811,-0.373429961817,0.503171054202,0.335194999988,-0.0439494442458,-0.066312588179,-0.0644604759738,-0.0665083588211,-0.471424512952,0.33694296446,0.828065852245,-0.174117767101,-0.0961319752293,-0.191322145123,0.124431381285,0.571488536939,-0.123314110307,-0.193455808134,-0.187505068869,-0.713445475311,0.08852961088,-0.067792055795,0.172524442047,-0.136901035952,0.121531305534,-0.0277123144319,-0.10519958969,-0.0939336436628,-0.148430338627,-0.121777413132,-0.142857476292,0.010569298053,-0.120732067066,0.0605667401425,-0.132576074206,-0.11986550526,0.0907039645247,0.0706228837801,-0.142586205919,0.0252948223365,-0.0292140049587,-0.049971882849,-0.0540102715172,0.0558371105084,-0.590582168494,0.10406243055,-0.509260936225,-0.316211018043,0.458331546911,-0.408248290464,-0.281126765116,-0.198304358844,-0.324176479876,-0.0602586682816,-0.0231558843873,-0.275199561817,0.0137331801361,-0.97207375635,-0.0822239393516,-0.807829190642,-0.234351868581,0.632550961843
15,0.194613202534,-0.111803398875,-0.22360679775,-0.237232444931,-0.207245558326,-0.0977308122803,-0.199515697063,-0.0280128452372,0.215741738586,0.25291125124,0.166031368175,0.11162601331,0.210544170368,0.102899827965,-0.281061017281,-0.108662326925,-0.0454633238657,0.221764357828,0.0220185033174,-0.0618289615697,-0.242938295947,-0.0713267487518,-0.314451569573,-0.284930883735,0.0360032730026,-0.0562860620812,-0.0755612371256,0.261912597961,-0.286053669585,0.127145133296,-0.178043615648,-0.0408923257291,-0.165888579491,-0.216451832509,0.39861511735,0.201133339499,-0.172219342856,0.198394735791,0.205437059766,0.174729919236,0.127223659518,-0.226380416227,-0.216106604156,-0.284543331232,-0.0560280486658,0.201617034854,-0.013447372472,0.347666400307,-0.0525251234668,0.0613680409486,-0.116269252592,-0.26360135763,-0.258900195528,-0.263180483659,-0.146646916676,-0.203727569396,0.344031231028,-0.18264625195,-0.0575481607995,-0.00372206654229,-0.236441864295,0.074316625926,-0.07453559925,-0.249256654548,-0.128970761542,-0.0225532494558,0.290757746343,-0.0284562731096,-0.199898642949,-0.109593645589,0.222705265072,0.46130468196,-0.187719140969,-0.18146304506,0.274102386941,0.0378894992851,-0.142372296635,0.260228669629,0.181166663013,-0.164726542937,-0.258652641582,-0.203229556195,-0.272527517459,-0.228578659532,0.136282141953,0.106035338329,0.110802215428,0.0486996258694,-0.0420849024374,0.0569104767117,0.141853603142,-0.255859027335,0.11607348488,0.0330891298004,0.0288720977264,-0.113823785417,-0.116667503231,0.128422028377,-0.0295276744209,-0.0135034783927,0.0746100773166,-0.267406778261,-0.0939336436628,-0.027262715258,-0.0694000311398,-0.105139330737,0.210829682214,0.323339903751,0.00147723756445,-0.290092201976,-0.306676132205,-0.177285021571,-0.181210655281,-0.164680360682,-0.224549741846,-0.0292140049587,0.246593278111,0.000519329533819,-0.254369058983,-0.0862029873267,-0.105293938604,0.0480111320346,-0.134296049964,0.255961117367,0.0,-0.281126765116,-0.198304358844,-0.186229041631,0.00488583796878,0.122184241022,-0.277870105842,0.0432786672815,0.0553043261347,0.0876283297315,-0.0598572819852,0.0526096031508,-0.0727495258261
16,0.11954174814,-0.111803398875,-0.22360679775,-0.220429180217,-0.215293929523,0.158612301898,-0.165190415848,-0.24641807929,0.118900060418,0.113374009177,0.037795758609,-0.157816087783,0.0827137812162,-0.0497705399354,-0.106204086591,-0.0320765221359,-0.0168400349681,0.0475604358435,0.0370311192157,0.140378963061,-0.180532128181,0.185449546755,-0.147128716039,-0.16062492156,0.16613558506,0.049250304321,0.116472846177,0.0291742443286,0.122594429822,0.0301700316295,-0.102813918895,-0.0120695410742,0.0498091457668,-0.0590160846784,0.115574797338,0.210481132195,-0.101083495736,-0.0171139228957,0.0886900597155,-0.0713685585614,-0.0584541138328,0.177325458226,-0.161980883718,-0.284543331232,-0.0560280486658,0.201617034854,-0.013447372472,-0.05195015177,-0.077838435981,-0.0220448302437,-0.0494478430566,-0.26360135763,-0.166362397285,-0.263180483659,-0.133385703412,-0.134410374067,0.0,-0.0510567332541,-0.0302741509419,0.0583123758292,-0.132160975418,0.276233496366,-0.07453559925,-0.204325306275,-0.151646939395,-0.126645170021,0.0990493421607,-0.0628000510005,0.0659763993969,0.0286692096995,0.057547246942,0.107342790881,-0.138748930281,0.0905954932609,-0.00718854606572,0.126733842436,-0.0676183461343,0.00794234718796,0.0271383260384,-0.29892331926,-0.196030298614,-0.156227125798,-0.19639000231,-0.101084586486,0.0805430245896,0.155546002141,-0.0263814798637,-0.183030935889,0.0385032086129,0.201598129369,-0.0137038728884,-0.137515351417,0.11607348488,0.0330891298004,-0.164488896521,-0.0632354363428,-0.100375687419,0.0339168562271,-0.0832143551863,-0.0135034783927,0.0234488814424,-0.159268652547,-0.0939336436628,-0.027262715258,-0.0563056856418,-0.123998403514,0.0995739132357,0.163751539239,0.0310219888535,-0.158828762168,-0.142171251761,-0.0418180615666,-0.0470819225201,-0.142586205919,-0.15161375106,0.243450041322,0.112028469394,-0.0332370901644,-0.00620412338983,-0.0128387427933,-0.015569780395,0.0823047977737,-0.16639869139,0.0610858889178,0.408248290464,-0.281126765116,-0.198304358844,-0.186229041631,-0.0276864151564,0.0901601455932,-0.122978552369,-0.123051482574,0.037650096555,0.00270219518996,-0.0520455649235,-0.0669576767374,-0.127003409493
17,0.109362567884,-0.111803398875,0.22360679775,0.244131667736,0.114689289559,0.398933971439,0.117993154177,0.375562043774,-0.397588889814,-0.392448493304,-0.211926217915,-0.388766460148,-0.218063605024,-0.208547722551,0.146048534732,-0.0221303137217,-0.11511332685,-0.336794249171,0.0620521457128,0.140378963061,-0.0378894590009,-0.0855920985022,0.0836614267671,0.463607192846,0.122758147707,0.137197276323,0.108123538207,-0.160950044554,0.0350269799492,0.267220280147,0.139592881752,0.186087103428,0.214420567674,0.0957907738536,-0.320779029347,-0.207053608207,0.11612519776,-0.074160332548,-0.269083004954,-0.075470199858,0.546717888201,0.219573747413,0.257880061965,0.1590654257,-0.0560280486658,-0.0697905120648,-0.013447372472,-0.05195015177,-0.0272118109527,-0.379528563925,0.393800840198,0.460201999127,0.358018459424,0.459003429283,0.346228176297,0.261997336719,-0.196589274873,0.101587108433,0.016091665816,-0.0244002139994,0.50051110307,0.0799254278827,-0.07453559925,0.352823412319,0.0977910169933,-0.300131704297,0.348851202155,-0.40623782991,0.223531980046,0.187264837825,-0.257285225117,-0.254313923916,0.0652936142499,-0.0780808004982,-0.244723111716,-0.283517977409,0.197418387458,-0.225656099517,0.159162614874,0.262466528359,0.269164249152,0.320511811092,0.43958218305,0.0142671938884,-0.114543886181,-0.137392092077,-0.107284684779,-0.0961319752293,0.232511624104,0.134077224795,0.0159261225459,0.511007992614,-0.193455808134,0.0330891298004,-0.218252685165,0.0379412618057,0.893425077106,-0.0878898100992,0.120795031722,-0.169312844462,-0.249410829887,0.548330822236,-0.0939336436628,-0.148430338627,-0.00392830364943,0.0457332514863,-0.401077047167,-0.384399799739,-0.116701767592,0.44498306095,0.464545053066,0.449985901928,0.377202844376,0.420814740544,0.272035727336,-0.0292140049587,-0.398795221952,-0.0514136238481,0.241960812203,0.179742399107,0.350364041319,-0.509260936225,0.0476189181148,-0.178760546097,0.0,0.120482899335,0.427919932242,0.365560711349,0.13517485047,-0.276885255865,0.459200045167,0.266511236825,0.0202410646084,0.218877810387,0.119812210434,0.339571074882,0.0406904127502
18,0.0279291258295,-0.111803398875,0.22360679775,0.0691800292516,-0.263584156706,-0.30600959255,-0.233840978279,0.00522273385779,-0.171624974087,-0.130816164435,-0.043195152696,0.304084656947,0.00751943465602,-0.336790831587,0.146048534732,-0.0022378968932,0.0804791472838,-0.0188029630079,-0.0230193443773,0.179265102413,-0.198362461828,0.052306282418,-0.164437976749,0.279850553107,0.330969846999,0.189965459524,0.308506929479,-0.138004009689,0.122594429822,0.127145133296,-0.102813918895,0.059987420563,-0.239679906553,0.0568038495325,-0.214638909343,-0.166546506526,0.56547568243,-0.0424678827411,-0.0732493274508,0.129611864974,0.257885796321,0.156201313633,0.15755417301,0.1590654257,-0.0560280486658,-0.0697905120648,-0.013447372472,-0.05195015177,-0.00189849843856,-0.248451194908,0.106468779194,0.245017217389,0.327172526676,0.245125885835,0.0345896645966,0.062710400149,-0.0491473187183,0.4279291148,-0.0930043736143,0.0541767463377,0.329187190839,0.119187041579,-0.07453559925,0.218029367498,0.534307440674,-0.136558686266,0.0119091584416,-0.0137375111564,0.016740280444,-0.133992972993,0.129803879874,0.0303945536904,-0.253012755218,0.232065933188,0.0928260078922,0.233869668001,-0.373429961817,0.0546620365289,0.247178807431,0.204314591952,0.293765883889,0.13026387853,0.278349798029,-0.198222927854,0.108412583271,-0.00536365524623,0.181152828398,-0.0237161746799,-0.0838713303894,0.24018150341,-0.235928838646,0.320474674386,0.11607348488,0.0330891298004,0.00529148867184,-0.0379412618057,0.0896954970532,-0.0248863619994,-0.147638372105,0.0799821412491,-0.181195902055,0.28738882323,-0.0939336436628,-0.178722244469,-0.161060449626,-0.16171654907,-0.200816663006,-0.224811435226,0.159049244439,0.313719621142,0.274946207808,0.0376951540882,0.0925214523941,-0.0447406633956,0.399285753814,-0.0292140049587,-0.146649512413,-0.150086235274,0.241960812203,0.06052550174,0.174434319341,0.0737313813389,0.0476189181148,0.0535906878236,0.0,0.120482899335,0.21917850188,0.365560711349,-0.0928309214068,-0.333543270856,0.27760305144,0.15927206126,0.0311523592792,0.0799077720459,0.0319303934897,0.0645663311396,-0.12207123825
19,0.561063691778,-0.111803398875,-0.22360679775,-0.0968757632084,-0.183100444735,0.0945265233531,-0.25958493919,-0.203686620454,0.172700992734,0.200584785466,-0.259170916176,-0.0808326303277,-0.263180212961,-0.232974981415,0.243509774789,-0.133527847961,-0.220065386141,-0.112817778047,0.197165688797,0.51368590084,-0.0646349594722,0.489777008096,0.0432731517761,-0.0546946233574,0.478453133998,0.515369255931,0.258411081661,-0.203564109304,0.341513054504,-0.379280397628,0.214822578505,0.24733552082,0.262668743061,-0.0500877813988,-0.15272383934,-0.175894299221,-0.0466455669283,-0.169237681968,-0.137271875865,-0.223129286537,-0.237254932615,0.327541597558,-0.0624282193408,-0.0310526129852,-0.0560280486658,-0.224880538875,-0.013447372472,-0.211796772601,-0.153778373523,-0.15312219926,0.164380667458,0.0885191943061,0.0906870422779,0.0895785815092,0.244558874608,0.214341764931,-0.147441956155,0.15948649666,0.0324560717305,0.252686961926,-0.146803409566,0.30427750615,-0.07453559925,0.222522502326,0.437933684796,0.121192736087,-0.232083355972,-0.327737766159,0.322004217952,-0.162458854964,-0.288252353517,-0.154281215568,0.0489702106874,0.340889348516,-0.250974021338,0.406332216471,-0.0540267187706,-0.249015944187,-0.390938588608,0.240100398971,0.242326102165,0.253365481953,0.179818896072,-0.0585865621376,-0.28176123827,-0.162147423982,-0.174117767101,-0.0490617048722,-0.301757704711,0.355931625536,-0.176668847777,-0.0901778810495,-0.193455808134,-0.187505068869,0.152717456481,0.341471356251,-0.0297778189006,-0.247498545285,0.281855074018,-0.200474717676,-0.206776499992,-0.0840421303106,-0.0939336436628,0.275656343164,0.349619024799,0.290901197599,0.177452951521,0.00416317472641,-0.254577273607,-0.080070698283,-0.0127979220549,-0.0123687224352,0.0268257465521,-0.142586205919,-0.15161375106,0.464178078788,0.194335099968,0.0290824538939,-0.00620412338983,0.22559505194,0.156841347143,0.0908782142084,0.111824200966,-0.276198160322,0.408248290464,-0.281126765116,-0.198304358844,-0.186229041631,0.232891609845,-0.166032617841,-0.00013352720127,-0.300324405446,0.0621698598602,0.172554464273,0.141294432353,0.208047067005,0.129469495114
